n,width,height,frames,media_ms,mediana_ms,min_ms,max_ms,sd_ms,fps
32,1280,720,50,20.2981,19.9395,19.2740,25.6370,1.2590,49.27
32,1280,720,50,20.3250,20.1025,19.3080,28.5780,1.3355,49.20
32,1280,720,50,20.1099,20.0445,19.3490,21.4370,0.4228,49.73
32,1280,720,50,20.1811,20.1410,19.4130,21.5920,0.4773,49.55
32,1280,720,50,19.9348,19.8860,19.1920,21.1340,0.4770,50.16
32,1280,720,50,19.8545,19.7730,19.2280,21.4320,0.4784,50.37
32,1280,720,50,19.4653,19.4300,19.0600,20.2460,0.2486,51.37
32,1280,720,50,20.0495,19.7660,19.2560,28.0260,1.2923,49.88
32,1280,720,50,20.0558,19.9410,19.2880,21.4190,0.4994,49.86
32,1280,720,50,20.4764,20.2915,19.9640,22.2250,0.4723,48.84
64,1280,720,36,27.7005,27.4885,26.7830,29.0690,0.6062,36.10
64,1280,720,36,27.3410,27.3185,26.6090,28.5250,0.4354,36.58
64,1280,720,36,28.0750,27.7895,26.8920,32.4970,1.1045,35.62
64,1280,720,36,27.3724,27.3845,26.8060,28.2230,0.3987,36.53
64,1280,720,36,27.9061,27.7045,26.5110,34.1850,1.2258,35.83
64,1280,720,36,27.4825,27.4575,26.7130,28.5350,0.4353,36.39
64,1280,720,36,27.7782,27.7485,27.0660,28.6300,0.3620,36.00
64,1280,720,36,27.7575,27.6570,26.7270,29.0390,0.4605,36.03
64,1280,720,36,28.0552,27.7205,27.1620,39.6670,2.0245,35.64
64,1280,720,36,28.0750,27.8510,27.2140,32.1200,0.7978,35.62
96,1280,720,28,35.8197,35.5555,34.6980,38.6290,0.9776,27.92
96,1280,720,28,45.1849,37.1990,35.0180,224.5450,35.3955,22.13
96,1280,720,28,35.9725,35.7310,34.9620,40.8500,1.1884,27.80
96,1280,720,28,37.0501,36.7790,34.7930,45.5070,2.0215,26.99
96,1280,720,28,35.6947,35.5965,34.9400,37.3670,0.5457,28.02
96,1280,720,28,35.5145,35.5060,35.1050,36.4250,0.3293,28.16
96,1280,720,28,35.3137,35.2050,34.3280,36.1960,0.4780,28.32
96,1280,720,28,35.3533,35.2700,34.7080,36.2170,0.3796,28.29
96,1280,720,28,35.1356,35.0975,34.3070,36.7280,0.4639,28.46
96,1280,720,28,34.9659,34.9200,34.5100,35.7060,0.2940,28.60
128,1280,720,23,44.1624,44.1090,43.3800,45.3200,0.4847,22.64
128,1280,720,23,44.9596,44.2030,43.7380,60.8780,3.4827,22.24
128,1280,720,23,44.5238,44.4500,43.6730,45.3270,0.3834,22.46
128,1280,720,23,44.6284,44.5470,44.0990,45.3720,0.4008,22.41
128,1280,720,23,45.2170,45.3240,44.0780,46.8870,0.6984,22.12
128,1280,720,23,45.7532,44.8250,44.1510,61.3550,3.4970,21.86
128,1280,720,23,44.7126,44.6560,43.8310,45.6160,0.4721,22.37
128,1280,720,23,44.7288,44.7560,43.8630,45.6280,0.5549,22.36
128,1280,720,23,44.9415,44.9050,44.2820,45.6210,0.4209,22.25
128,1280,720,23,44.6912,44.5820,44.0510,45.4550,0.3753,22.38
160,1280,720,19,53.4577,52.8010,52.0230,66.5330,3.1816,18.71
160,1280,720,19,54.0453,53.6080,52.5430,64.2660,2.5530,18.50
160,1280,720,19,52.7298,52.7040,51.8830,53.5520,0.3954,18.96
160,1280,720,19,52.9401,52.9570,52.2060,53.7940,0.4904,18.89
160,1280,720,19,52.8195,52.8690,52.1760,53.2020,0.2685,18.93
160,1280,720,19,52.8485,52.8180,52.1150,53.8040,0.4181,18.92
160,1280,720,19,52.8724,52.9260,51.9460,53.5480,0.3456,18.91
160,1280,720,19,54.3162,54.0270,52.7310,62.2920,2.0095,18.41
160,1280,720,19,55.5571,53.4130,52.8460,85.8080,7.4709,18.00
160,1280,720,19,53.9383,54.0040,52.9990,54.5670,0.4440,18.54
192,1280,720,16,62.0844,62.2265,60.8190,64.1730,0.8013,16.11
192,1280,720,16,61.8555,61.8365,60.9530,63.0200,0.5704,16.17
192,1280,720,16,61.7736,61.7650,61.1070,62.4130,0.3488,16.19
192,1280,720,16,61.2781,61.3285,60.4220,62.1650,0.4806,16.32
192,1280,720,16,62.9581,61.7510,60.9480,77.4160,4.1124,15.88
192,1280,720,16,61.1722,61.1430,60.5670,61.7340,0.3991,16.35
192,1280,720,16,61.4131,61.2535,60.9780,61.9510,0.3293,16.28
192,1280,720,16,61.6585,61.6695,61.0970,62.2970,0.3670,16.22
192,1280,720,16,61.5765,61.4790,61.0070,62.5700,0.4374,16.24
192,1280,720,16,61.5569,61.6775,60.4420,62.3490,0.5328,16.25
256,1280,720,13,77.5987,77.3050,75.8910,79.1460,1.0226,12.89
256,1280,720,13,77.6038,77.6640,76.8690,78.2390,0.4558,12.89
256,1280,720,13,76.8707,76.8030,76.1700,78.2190,0.5402,13.01
256,1280,720,13,76.9275,76.9660,76.2520,77.7470,0.3665,13.00
256,1280,720,13,77.4593,77.5760,76.6060,78.4740,0.5638,12.91
256,1280,720,13,78.3700,77.0460,75.9760,94.6020,4.9166,12.76
256,1280,720,13,77.7040,77.6280,76.9610,78.3590,0.4487,12.87
256,1280,720,13,77.6852,77.7730,76.6570,78.3470,0.5202,12.87
256,1280,720,13,77.6295,77.6350,77.0880,78.1450,0.2954,12.88
256,1280,720,13,76.9689,76.9000,76.6280,78.0670,0.3873,12.99
320,1280,720,12,92.9090,91.9420,91.1890,103.4230,3.3534,10.76
320,1280,720,12,92.1654,91.8300,91.1990,94.5530,0.9286,10.85
320,1280,720,12,94.3165,92.1285,91.2400,116.1470,6.8998,10.60
320,1280,720,12,92.8452,92.7705,91.8250,95.1990,0.8815,10.77
320,1280,720,12,93.3725,93.4675,91.7160,95.3840,0.8730,10.71
320,1280,720,12,92.8265,92.8515,91.9720,93.8690,0.5365,10.77
320,1280,720,12,92.1745,92.2400,91.7350,92.7120,0.3286,10.85
320,1280,720,12,92.4693,92.6050,91.6820,93.3860,0.4905,10.81
320,1280,720,12,92.9218,92.9430,92.2360,93.6920,0.4281,10.76
320,1280,720,12,92.2474,92.2020,91.4970,92.9470,0.4689,10.84
384,1280,720,12,107.1359,107.0440,105.9930,108.4930,0.7041,9.33
384,1280,720,12,109.4541,108.4180,106.2710,118.2220,3.1463,9.14
384,1280,720,12,106.8859,106.6590,105.9590,107.9950,0.6265,9.36
384,1280,720,12,106.8078,106.8010,105.7810,107.4880,0.4782,9.36
384,1280,720,12,106.5038,106.5575,105.9020,107.2520,0.4065,9.39
384,1280,720,12,109.3752,108.6560,107.4120,118.0990,2.8413,9.14
384,1280,720,12,107.2348,107.2495,106.8120,107.6060,0.2835,9.33
384,1280,720,12,107.0077,107.0660,106.3430,107.7540,0.4769,9.35
384,1280,720,12,107.1053,107.0355,106.1890,108.0350,0.5228,9.34
384,1280,720,12,107.3412,107.3105,106.5970,107.9090,0.4059,9.32
512,1280,720,12,135.0180,135.0845,134.0840,135.6500,0.4823,7.41
512,1280,720,12,135.5648,134.6555,134.2950,144.3110,2.7762,7.38
512,1280,720,12,135.4585,135.4130,134.7100,136.6710,0.5392,7.38
512,1280,720,12,134.9535,134.9675,134.1480,136.0330,0.5374,7.41
512,1280,720,12,134.8398,134.6215,134.3750,135.7780,0.4463,7.42
512,1280,720,12,134.6441,134.3700,133.5060,135.7860,0.7151,7.43
512,1280,720,12,135.8722,134.6290,134.0940,148.1500,3.9189,7.36
512,1280,720,12,134.9281,134.7935,134.1100,136.2240,0.6216,7.41
512,1280,720,12,136.6571,135.1455,134.2730,154.1730,5.5399,7.32
512,1280,720,12,134.9120,135.0320,134.2030,135.5000,0.4504,7.41
768,1280,720,12,189.1914,189.1975,188.4160,190.0420,0.4186,5.29
768,1280,720,12,189.3015,189.3225,187.8620,190.4560,0.8203,5.28
768,1280,720,12,189.8848,189.7255,189.2350,190.7040,0.4188,5.27
768,1280,720,12,191.0080,189.9045,188.6760,199.2570,2.9514,5.24
768,1280,720,12,190.1258,190.2240,189.2710,190.8180,0.4617,5.26
768,1280,720,12,189.8530,189.9870,188.7060,190.8340,0.6910,5.27
768,1280,720,12,190.2601,190.1780,189.5860,191.0040,0.4190,5.26
768,1280,720,12,190.0752,189.5190,188.7100,197.1640,2.2607,5.26
768,1280,720,12,189.6718,189.5370,188.6300,191.1700,0.6706,5.27
768,1280,720,12,189.2107,188.9765,188.4340,190.9890,0.7644,5.29
1024,1280,720,12,245.5161,245.1825,244.3500,247.1920,0.9511,4.07
1024,1280,720,12,243.9542,243.3560,242.1980,250.8370,2.2856,4.10
1024,1280,720,12,243.0543,242.9640,241.7860,245.2790,0.9553,4.11
1024,1280,720,12,242.8525,242.6425,242.1070,244.0230,0.5881,4.12
1024,1280,720,12,244.6343,244.7830,243.1580,245.5270,0.7350,4.09
1024,1280,720,12,242.7938,242.8220,241.8170,243.9300,0.6027,4.12
1024,1280,720,12,242.8891,243.0200,241.9140,243.6780,0.5830,4.12
1024,1280,720,12,243.0582,242.8980,242.7090,243.8790,0.3898,4.11
1024,1280,720,12,245.8412,245.5345,244.7370,247.1930,0.7719,4.07
1024,1280,720,12,245.4886,245.6255,243.8160,246.5000,0.8752,4.07
1536,1280,720,12,347.5823,347.5750,346.3050,348.9150,0.7746,2.88
1536,1280,720,12,349.3994,349.0600,347.6220,351.4320,1.2632,2.86
1536,1280,720,12,349.9434,349.2380,347.9520,353.9970,1.8272,2.86
1536,1280,720,12,349.1795,349.4155,347.3930,350.7990,1.0183,2.86
1536,1280,720,12,350.6896,350.0870,347.1110,360.6670,3.7136,2.85
1536,1280,720,12,348.5703,348.3705,347.7600,350.3430,0.7780,2.87
1536,1280,720,12,351.5872,349.2810,348.0590,379.5020,8.8106,2.84
1536,1280,720,12,349.1393,349.0735,347.7560,350.3280,0.8071,2.86
1536,1280,720,12,348.4436,348.4880,347.2520,349.5380,0.7690,2.87
1536,1280,720,12,348.9309,348.8405,347.4170,351.9490,1.1398,2.87
2048,1280,720,12,457.0311,454.4025,451.8810,476.2430,7.3062,2.19
2048,1280,720,12,453.3243,453.1765,451.8730,455.3480,1.2305,2.21
2048,1280,720,12,452.7586,452.3935,451.5150,456.1640,1.2971,2.21
2048,1280,720,12,452.9179,452.9415,451.7070,454.3910,0.7241,2.21
2048,1280,720,12,453.9010,453.6420,452.5090,455.3630,1.0146,2.20
2048,1280,720,12,458.1656,457.6210,454.1080,466.3400,4.1370,2.18
2048,1280,720,12,454.7108,452.6785,451.3210,473.5670,6.1162,2.20
2048,1280,720,12,454.3889,453.9790,452.8920,459.5880,1.8126,2.20
2048,1280,720,12,455.5627,453.9100,451.8720,463.6590,3.5574,2.20
2048,1280,720,12,453.8079,453.7920,452.4290,455.9100,0.9064,2.20
3000,1280,720,12,644.2507,643.7100,641.6110,651.7730,2.5796,1.55
3000,1280,720,12,644.6767,643.2410,640.6590,659.7780,5.0007,1.55
3000,1280,720,12,647.6900,644.0145,641.2110,674.7150,9.3537,1.54
3000,1280,720,12,646.9897,645.4615,643.0550,660.2380,4.6104,1.55
3000,1280,720,12,646.6423,645.0120,643.7300,657.3790,3.7742,1.55
3000,1280,720,12,644.3025,643.8785,641.5510,652.7450,3.0381,1.55
3000,1280,720,12,646.7194,645.1130,642.0030,658.2890,4.5585,1.55
3000,1280,720,12,655.4151,650.8740,645.1120,677.5180,10.4385,1.53
3000,1280,720,12,646.3417,644.9875,644.1200,657.6010,3.7336,1.55
3000,1280,720,12,645.5340,645.1975,643.8990,647.6580,1.1477,1.55
4000,1280,720,12,845.0832,844.8205,843.9090,846.5220,1.0074,1.18
4000,1280,720,12,862.5526,848.8915,844.1990,986.9320,40.4710,1.16
4000,1280,720,12,848.9181,847.5350,845.8740,859.4820,3.8933,1.18
4000,1280,720,12,846.7815,846.5715,845.4940,850.4690,1.3097,1.18
4000,1280,720,12,846.1308,845.9820,844.6790,848.3100,1.1259,1.18
4000,1280,720,12,846.3010,845.3215,843.9230,855.8640,3.1961,1.18
4000,1280,720,12,865.1531,858.9060,853.8340,903.1350,13.7753,1.16
4000,1280,720,12,848.9982,847.2595,844.3890,859.1180,4.3900,1.18
4000,1280,720,12,854.9918,855.6530,845.9200,874.8450,8.7562,1.17
4000,1280,720,12,860.6619,856.5350,853.5980,883.8240,9.2240,1.16
1000,1280,720,12,242.5372,241.2105,238.8200,249.5380,3.5310,4.12
1000,1280,720,12,244.5882,243.7355,243.0000,254.6380,3.1913,4.09
1000,1280,720,12,244.8629,243.0610,241.8120,265.5610,6.5724,4.08
1000,1280,720,12,245.8574,245.2450,243.4850,252.9690,2.3785,4.07
1000,1280,720,12,243.1565,243.1605,241.6010,244.7090,0.7693,4.11
1000,1280,720,12,245.9279,244.2940,243.0590,267.0180,6.6706,4.07
1000,1280,720,12,245.9056,245.1960,244.4560,254.0800,2.6134,4.07
1000,1280,720,12,245.4404,245.0865,243.9050,250.2720,1.6973,4.07
1000,1280,720,12,244.4033,243.6490,242.9040,251.1300,2.2096,4.09
1000,1280,720,12,247.8278,245.9425,244.4350,265.5160,5.9046,4.04
